,Baseline_RT,Baseline_TTL,RI_RT,RI_False_Alarms,Shifting_Congruent_RT,Shifting_Congruent_Accuracy,Shifting_Congruent_FA,Shifting_Incongruent_Accuracy,Shifting_Incongruent_FA,Total_Errors,CogInhib_Incongruent_Accuracy,CogInhib_Incongruent_RT,Conflict_Resolution_Accuracy,Conflict_Resolution_RT,WM_Hits,WM_FA,WM_PR,Min_moves_exit,n_Attempts,WM_Return_Efficiency,VAS_cold,VAS_hot,STAI_cold,STAI_hot,VAS,STAI
0,1.121243737,1.637915288,2.425880901,0.104299919,1.973529869,-0.092098634,,-0.086386485,0.320256308,0.320256308,0.004655355,2.104139029,0.223606798,0.339312747,-0.903800901,-0.684209576,-0.960017576,0,-0.67936622,0.796200526,-0.19,0.09,-0.166666667,0.041666667,-0.1,-0.208333333
1,-1.251891625,-1.948678812,0.615929696,-0.534522484,0.145646515,-0.100615639,0.534522484,0.534522484,,0.534522484,0,-0.755109282,0.223606798,-0.277747009,,-0.324442842,0.324442842,0,,0.324442842,-0.18,-0.05,-0.041666667,0.083333333,-0.19,0.041666667
2,0.807815659,0.93478371,0.931818421,0.471631675,0.637402955,0.036752651,,-0.247373722,0.426401433,0.426401433,-0.251588705,0.790061712,0,0.018866142,0.9968122,0.82762654,0.977331352,0,0.816496581,-1.207023719,-0.61,-0.33,-0.291666667,-0.208333333,-0.24,-1.11E-16
3,0.413124393,-0.386195195,0.529342702,0.031474705,0.6973975,0,,,,,-0.591442024,1.408817987,0.223606798,0.402660908,0.581147299,0.532059131,0.607574863,0,0.6172134,-0.653369685,0.06,0.04,0.166666667,0.166666667,-0.02,-0.083333333
4,-1.262879539,-2.909879316,-1.12118862,-0.551632714,-0.817921309,-0.268387051,0.534522484,0.655352818,-0.646996639,-0.417028828,-0.041708129,-1.158092798,0,-0.211366683,0.534522484,0.058639661,0.541516383,0,0.534522484,-0.388534476,0.03,0.25,0,0.125,0.32,0.041666667
5,1.767428893,2.233204125,1.824069764,1.498413456,0.893723837,-0.100615639,0.534522484,-0.534522484,,0.534522484,0.014272888,1.322384788,0,0.101203021,0.759684205,0.729810323,0.486609683,0,0.534522484,-0.853034291,0,0,-0.125,0.083333333,0,0.125
6,-2.101188696,-1.512292255,-0.99664345,1.532788796,-1.521864974,-0.384257329,0.816496581,-0.271667055,0.324442842,0.884651737,-0.204901016,-0.64336307,0,-0.449806897,,-0.534522484,0.534522484,0,0.534522484,0.534522484,0.12,0.11,0.125,0.083333333,0.41,0.208333333
7,0.471388113,0.206026193,0.459357439,1.263454562,0.118496361,-0.292835036,,-0.643256743,0,0,-0.308290528,0.976094776,-0.223606798,-0.379838649,-0.534522484,0.057008287,-0.811916951,0,-0.816496581,0.029218021,0.45,0.29,0.25,0.166666667,-0.14,0
8,-2.29341621,-1.375787235,-1.928511847,-0.037156324,-2.107743265,0.012101909,0,-0.769054153,0.67936622,0.646996639,-0.078137443,-1.690433641,0.316227766,-0.168198714,-0.656273702,-1.239768758,-0.057336128,0,-0.534522484,1.281147453,0.11,0.2,0.041666667,0,-0.09,0.041666667
9,0.694625067,0.551954496,1.351011271,0.191915475,0.457420249,0.01832012,,-0.584697985,0.320256308,0.320256308,-0.007016548,0.769182459,0,0.135346844,0,0.296735624,-0.087334084,0,0,-0.134838641,-0.2,-0.2,0.041666667,-0.125,0,0.083333333
10,-1.632708614,-2.000974328,-0.944498363,-0.341809502,-0.597907967,0.037118416,,0.452167224,-0.324442842,-0.324442842,0.210992735,-0.278883679,0,-0.196537724,-0.534522484,-0.297547713,-0.509261163,0,-0.534522484,0.473410891,0,-0.13,-0.125,0.083333333,0.47,0.041666667
11,2.444926142,2.309060806,3.249511288,0.941931132,2.174865552,0.024763987,,-0.486186785,0.917662935,0.917662935,0.270839193,1.746043649,0,-0.280550555,,-0.057977104,0.057977104,0,,0.050283646,-0.04,0.1,0,0.166666667,0.14,0.083333333
12,0.913773689,1.085765371,3.842952812,-0.534522484,1.90488539,0,,-0.534522484,0.534522484,0.534522484,0.088388348,1.142541404,0,0.365995377,,0.534522484,-0.534522484,0,,-0.534522484,-0.11,0.11,-0.083333333,0.083333333,1.04,0.916666667
13,-0.451206985,-0.020359111,0.31291795,-2.46433956,-0.142673433,-0.055067743,,-0.021751984,-0.127515343,-0.127515343,-0.200476114,-0.187185062,-0.223606798,-0.107184173,,-0.534522484,0.534522484,0,-0.534522484,0.534522484,-0.03,-0.15,0.041666667,-0.083333333,0.92,0.458333333
14,-0.104842134,-0.140892515,0.212027291,-0.709870491,0.218444783,0,,0.0513327,0.324442842,0.324442842,0.035675726,1.193347335,0,-0.098787091,-0.534522484,-0.241925895,-0.538260449,0,-0.534522484,0.289542346,-0.26,0.28,-0.125,0.208333333,0.26,0.25
15,-0.703236115,-2.604488147,-0.50808891,0.851126643,-1.113638389,-0.022669518,0.534522484,0.369253256,-0.324442842,-0.163299316,-0.002922204,-0.765018794,-0.223606798,-0.382514239,,-0.074866262,0.074866262,0,0.534522484,0.165802318,0,-0.02,0.041666667,-0.083333333,-0.04,0.208333333
16,0.140466077,1.251965254,1.44153509,1.206598804,0.742710961,-0.054570657,0,-0.279585161,0,0,0.197384667,1.914512454,0,0.277020683,-0.642187782,0.056710268,-0.74483516,0,0,0.394716915,0.11,0.05,0.083333333,0.166666667,0.28,0.166666667
17,0.700023541,0.694224174,0.82087036,0.500699729,0.333225783,0.127208545,0,-0.086750063,-0.324442842,-0.272165527,-0.10218265,2.066323763,0.223606798,0.328846073,,0.413837477,-0.413837477,0,-0.534522484,-0.400824126,0.25,0.1,0.333333333,0.208333333,0.25,-0.041666667
18,-0.632534976,-0.286280794,-2.645758084,0.290347364,-1.110580986,0,,-0.124273953,0.534522484,0.534522484,0.031752593,-0.911834717,0.223606798,0.096633227,-0.348092902,-0.111078532,-0.411960719,0,-0.324442842,0.030505695,0.16,0.19,0.083333333,0.291666667,-0.05,0.041666667
19,0.164151839,0.584027876,-0.134419729,0.293253889,0.809439217,-0.042396303,0.534522484,0.353899164,0,0.324442842,0.219237256,1.662866657,-0.223606798,-0.124977254,0.534522484,0.94966814,0.244269598,0,0.534522484,-0.890795746,-0.4,0.61,0,0.375,0.21,0.041666667
20,0.676969289,-0.444929274,0.114696894,-0.301066475,0.322903014,-0.404655591,0.534522484,-0.280411406,0.67936622,0.676123404,-0.137506435,-1.394577115,-0.316227766,-0.36088473,0.24725568,0.573994654,-0.365790082,0,0.458831468,-0.681576739,0.07,0.08,0.166666667,0.25,0.01,0.083333333
21,1.111930895,1.62840844,1.300691423,-0.395910251,1.907287826,0,,0.534522484,-0.534522484,-0.534522484,-0.168216598,0.826641888,0.316227766,0.234222798,0.534522484,0.835527994,0.153629696,0,0,-0.990434208,-0.09,-0.05,0.041666667,-0.125,-0.04,0.166666667
22,-1.320343556,-2.296029802,-0.3559003,0.492721203,-1.327265631,-0.024750879,,1.076078762,-0.917662935,-0.917662935,0.03088868,-1.084023354,0,-0.38803513,,-0.40185212,0.40185212,0,,0.337948007,-0.14,0.25,-0.041666667,0.125,0.27,0.166666667
23,-0.759265545,-1.272094269,-0.421735401,0.214947196,-0.394595204,0,,0.108264894,0.272165527,0.272165527,0.028849795,-1.545253235,-0.316227766,-0.068967972,,0.35838578,-0.35838578,0,,-0.353899164,0.04,0.15,-0.041666667,0.125,0.31,0.166666667
24,0.389177378,0.858567598,2.197374707,0.519948087,1.907238948,0.063875231,-0.534522484,-1.051756646,0.534522484,0,-0.259786014,1.238708897,0,0.139776967,0.298130935,0.67032142,-0.203482616,0,0.816496581,-0.419809218,0,0.2,0.166666667,0.291666667,0.1,0.125
25,-0.999149598,-1.190810534,-0.889295078,-0.058269706,-0.266057939,-0.186318607,,0.102328902,,,0.119149362,-1.343051743,0,-0.41571617,0.534522484,1.045865722,0.383931927,0,0.534522484,-0.776746375,-0.03,0.25,0.125,0.125,0.34,0.416666667
26,1.12319288,-0.099175871,-0.627965021,0.913038585,0.645519662,-0.057398528,0.534522484,-0.203821065,0.534522484,0.816496581,-0.171060744,1.077499982,-0.223606798,0.218570463,,0.389409076,-0.389409076,0,,-0.431350545,0.02,0.9,-0.166666667,0.583333333,0.88,0.666666667
27,-1.683464409,-2.414981613,-0.951948228,-0.445861696,0.096075366,0.167123787,-0.534522484,-0.534522484,0.534522484,0,0.027563843,-0.814775468,0,-0.224981717,-0.534522484,-0.580318671,0.553848776,0,,0.522941699,-0.24,-0.21,-0.083333333,-0.166666667,0.35,0.083333333
28,0.000554133,1.319154587,1.981694502,-0.54727742,2.064748397,-0.109594187,-0.534522484,0.124449259,-0.458831468,-0.67936622,0.467394129,1.233749663,0,0.239160167,0.534522484,0.778791558,0.462970274,0,0.534522484,-0.645200851,0.01,0.02,0,0,0.01,0
29,-1.466493984,-1.66098873,-0.786842322,0.100245865,-1.683360896,0,,0.778791558,-0.816496581,-0.816496581,-0.018633554,-0.658257325,0,-0.087042317,0.534522484,0.809858287,0.433797271,0,0.534522484,-0.676629439,0.01,0.04,0.041666667,0.041666667,0.03,0
30,2.237532159,3.679757379,0.816828147,-0.092948065,1.467497027,-0.065441999,,-0.092915233,0.458831468,0.458831468,-0.032258065,0.841695221,0.223606798,0.305230571,0.787685968,0.592655604,0.848021126,0,0.816496581,-0.732833575,0.07,0.19,-0.041666667,0.166666667,-0.06,-0.208333333
31,-1.765509867,-2.016436586,-0.975268493,-0.009312936,-1.314906044,0.042987373,0,0.121078739,-0.159111457,-0.148249863,-0.485785174,-1.209280725,0,-0.146249654,,0.094327497,-0.094327497,0,,-0.012477114,-0.07,0.01,-0.083333333,0.041666667,-0.02,-0.208333333
32,-2.052713947,-1.577718288,-0.648140492,0.142724293,-0.468317167,-0.018953028,,0.83451091,-0.839181358,-0.839181358,0.241377005,-1.223995866,0.223606798,-0.02784333,-0.590812759,-0.661437828,-0.527361094,0,-0.534522484,0.724067775,-0.2,-0.05,-0.166666667,0.041666667,-0.35,-0.125
33,-0.943121089,-1.034041856,-0.588802786,-0.332956601,-0.834897384,-0.074082077,,0.085696536,-0.417028828,-0.417028828,-0.100040024,-0.692577097,0.424264069,-0.314845888,-1.03251116,-0.682949401,-0.066299354,0,,0.793927807,0.35,0.37,0.333333333,0.583333333,-0.04,0.25
34,0.863696709,0.580828412,0.217769058,-1.278148222,1.302922811,-0.056303768,,-0.441634949,0.324442842,0.324442842,0.055165669,0.941690814,-0.316227766,0.230258715,-0.534522484,-0.468230043,-0.522860675,0,-0.534522484,0.505267014,-0.08,0.21,-0.125,0.041666667,0.13,-0.083333333
35,-1.718881052,0.071273981,-0.253864187,-0.62207792,-0.288035937,0.224028434,,0.216788812,0.118262479,0.118262479,-0.059961173,-1.565613965,0.316227766,-0.18633659,-0.261934185,-0.390623775,-0.14521026,0,-0.239045722,0.195797331,0,0.3,-0.041666667,0.208333333,0.3,0.166666667
36,-0.269117072,-0.017143369,1.059029715,0.161282564,0.949278566,-0.027720255,0,0.061724828,0,0,-0.564018775,1.90107298,0,0.230252268,0.239045722,-0.008226409,0.249443176,0,0.239045722,-0.033400378,0.01,0.01,-0.041666667,-0.125,0,0.25
37,1.460436145,1.628208383,0.992116481,-0.415632422,1.382490169,-0.091540884,0.816496581,-0.216788812,0,0.458831468,0.164540156,1.374328802,0,0.259327289,0.066545516,-0.005890767,0.097193728,0,-0.239045722,0.320668595,-0.01,0,0,0.166666667,0.01,0
38,-0.519069722,-0.110084259,2.272213846,-0.304842971,0.741510929,-0.062360447,,-0.800055369,0.534522484,0.534522484,-0.247024257,0.510949047,0,-0.047921497,,0.324442842,-0.324442842,0,-0.534522484,-0.324442842,0.08,0.26,0.041666667,0.166666667,0.18,0.291666667
39,1.626556329,1.027501377,0.428749545,0.104892451,-0.259502211,0,,0.534522484,-0.534522484,-0.534522484,-0.040283141,2.060062927,0,0.341954184,,-0.946938065,0.946938065,0,,0.944096638,0,0.11,-0.25,0.333333333,0.11,0.25
40,-2.761473973,-2.934941478,-0.870479023,-0.2130262,-0.859143381,-0.047446147,,0,,,0.032233887,-0.800737507,0,-0.055697772,,0,0,0,,0,-0.03,-0.04,0.041666667,0,0.05,0.208333333
41,1.039290266,2.653045874,1.183922167,0.280215036,1.899836761,-0.008724039,0.795557284,-0.663970289,0.580318671,0.745643719,0.404839823,1.233726219,0,0.314873208,,0.596388343,-0.596388343,0,-0.534522484,-0.542894643,0.1,0.01,0.083333333,0.25,-0.09,-0.333333333
42,0.231463263,-0.067019381,-0.113488738,-0.183167914,-0.021724079,0.037456073,-0.324442842,-0.276608277,0.676123404,0.43528575,-0.008269481,1.334993249,0.223606798,0.2228319,,0.514027422,-0.514027422,0,0.534522484,-0.47410253,0,0.03,0.208333333,-0.041666667,0.03,-0.166666667
43,1.499874039,2.729044881,1.945869739,0.602720648,2.301175388,0.143107498,-0.534522484,0.534522484,-0.534522484,-0.534522484,0.061755413,1.811120117,0,0.363863317,-0.534522484,-0.648462728,0.537227422,0,,0.662761418,0,0.27,0.041666667,0.208333333,0.13,0
44,-2.971774053,-2.280215409,-0.70955769,0.421192215,-0.691448103,0.020246483,,-0.534522484,0.534522484,0.534522484,0.362422144,-0.435828505,-0.223606798,-0.278687054,0.425066422,-0.432169444,0.67133615,0,0.534522484,-0.01380958,0.09,-0.13,0.208333333,0.25,-0.02,0.125
45,-1.167897904,-1.128700174,-1.952592564,0.384412642,-1.179078857,-0.113085666,0.816496581,0.160581717,0.338061702,0.520755644,0.217383822,-0.10695048,0,-0.320151488,,-0.539728995,0.539728995,0,,0.520605712,0.03,0.12,0.125,0.041666667,-0.05,-0.166666667
46,0.55037465,0.767541084,0.825811878,1.046786379,1.002534553,-0.080636421,,0.152054295,0.163299316,0.163299316,0.304371213,1.611793617,0.316227766,0.357771071,,0.34586749,-0.34586749,0,,-0.329046569,-0.01,0.01,0,0,0,0
47,0.515907975,1.834154444,2.490192305,-0.353317652,1.364430579,0.283715486,,-0.247626709,0.632455532,0.632455532,-0.026256976,0.975930482,0.363803438,0.286425252,0.534522484,-0.250911208,0.683997059,0,0.534522484,-0.212501045,0,-0.05,0,0.041666667,0.13,-0.125
48,-0.976341431,-1.447279703,-0.695598918,-2.456279845,-0.833583325,0.174484299,,0.604728878,-0.426401433,-0.426401433,0.349181035,-0.820440463,0,-0.031203467,,-0.73905334,0.73905334,0,-0.534522484,0.724407149,0.1,0.32,0.041666667,0.291666667,-0.02,0.166666667
49,-0.645978786,-1.077918969,0.852469457,0.533184108,-1.075586429,-0.088022482,0.239045722,1.310771073,-1.251086484,-0.72547625,-0.120524773,0.089049988,0,0.162769673,,0.801783726,-0.801783726,0,,-0.805609473,0.05,0.05,-0.041666667,0.041666667,0,0
50,-0.038938964,0.251826753,0.45111909,0.592179939,0.719178827,-0.249492977,,0.057977104,,,-0.332520065,0.629387914,0,0.018525563,0.534522484,1.259227043,0.032635126,0,0.534522484,-1.227507717,-0.29,0.21,-0.083333333,0,-0.14,0
51,-0.308382427,-0.504214429,0.139290013,-0.003792386,0.653078588,0.029326497,,-0.080494107,0.419313935,0.419313935,-0.014287671,1.506702682,0.138675049,0.140613081,-0.239045722,-0.211980499,-0.229749442,0,0,0.012896418,0.1,0.04,0.125,0.083333333,-0.06,-0.291666667
52,0.096464788,-0.303079295,2.524914639,0.516887416,0.243595443,0.129898118,-0.534522484,0.583978849,-0.489897949,-0.609994281,0.274353117,-0.472011077,0,-0.283354522,,1.090621998,-1.090621998,0,,-1.091841667,0,0.05,-0.041666667,0.083333333,0.05,0.041666667
53,0.30026997,0.578556068,-0.207899529,0.260774244,-1.145169058,0.044530289,-0.534522484,1.007283651,-1.397070946,-1.30188911,-0.345994019,0.835928284,-0.223606798,-0.187768425,0.570558026,0.934521777,0.485424898,0,0.534522484,-0.949400005,0,0.1,0,-0.041666667,0.1,0.208333333
54,-1.417849174,-1.679758485,-1.325256021,-0.143889119,-0.521597365,0.006181421,,-0.269342196,0.534522484,0.534522484,-0.02728739,-1.509998643,0,-0.012592933,,-0.444386396,0.444386396,0,,0.4174469,0,0.15,0,0.166666667,0.15,0.166666667
55,0.703229961,0.552213866,0.104895695,-0.617496349,0.330257171,-0.134414335,,0.094392271,-0.251976315,-0.251976315,0.065406994,-1.599481478,0,-0.017777948,-0.534522484,-0.560962391,-0.50403689,0,-0.534522484,0.560490185,-0.1,0.1,-0.083333333,0.25,0,0.333333333
56,0.720364111,0.616387428,2.460848567,0.039126472,2.838327645,-0.309154806,0.534522484,-0.062670235,0,0.272165527,0.288391536,1.208055239,-0.138675049,0.152488922,,0.141708497,-0.141708497,0,0.534522484,-0.121860637,0.1,0.1,0.166666667,0.041666667,0,0.375
57,0.561837147,0.9561386,0.924807347,-0.904282543,0.622449244,0.573528727,-0.534522484,-0.151108248,0.178174161,0,0.128263916,-0.065938754,0,-0.260008352,,0,0,0,,0,0.04,0.25,-0.083333333,0,0.21,-0.083333333
58,1.28235451,0.557006026,1.230694791,0.469850059,1.843163793,-0.221410831,0.534522484,0.413333389,-0.646996639,-0.359210604,-0.268962559,1.365712894,-0.138675049,-0.103973159,0.534522484,0.642187782,0.505076272,0,0.534522484,-0.622539883,0.17,0.32,0.083333333,0.375,0.29,0.041666667
59,1.985415102,1.917373451,1.339778443,-0.392487371,1.807127057,-0.057398528,,-0.23796853,0.534522484,0.534522484,0.071074162,2.1308043,0,0.063954062,0.309217198,-0.028940627,0.372542771,0,0.534522484,-0.215025961,-0.01,0,0,0.041666667,-0.03,0.041666667
60,0.472178597,0.211235578,0.293590781,0.209443479,-0.582064992,-0.118377719,,0.534522484,-0.534522484,-0.534522484,-0.089257707,-0.450796982,0,-0.04502243,0.534522484,0.672559625,0.451246346,0,0,-0.641935042,-0.04,0.1,0,0.25,-0.02,-0.166666667
61,-0.372333246,-0.354246216,0.349554919,0.701251725,-0.480940704,0.048549994,,0,0,0,0.148409655,-1.225944783,0.223606798,0.147284493,-0.816496581,-0.612261992,0.198120976,0,,0.74874641,0.08,-0.02,0.125,0.333333333,-0.06,0.125
62,-1.417622996,-1.431343549,-0.653837134,-0.209132503,0.466196158,-0.096444055,0.696733014,-0.555599891,0.272165527,0.61993042,0.315197465,-0.094832781,0.316227766,0.017561522,0.129895388,-0.173699621,0.248258421,0,-0.239045722,-0.036370825,0.04,0.48,-0.125,0.25,0.36,0.125
63,-0.188772967,-0.674147555,0.767626641,-0.37426196,-0.442658651,0.121174845,-0.816496581,1.327295566,-1.031421246,-1.143095213,-0.168416002,-1.262342258,-0.223606798,0.002850166,,-0.016948476,0.016948476,0,-0.534522484,0.114449951,0.08,0.02,0.125,0.125,0.48,0
64,0.370182235,1.078872271,0.91461814,0.601310026,2.580397594,-0.05307229,0.534522484,0.657674954,-0.324442842,0,0.17870983,2.114429144,0.223606798,0.309543116,0.534522484,-0.022660071,0.523942388,0,0.534522484,-0.359539426,0.08,0.07,0,0.083333333,-0.29,-0.083333333
65,-1.72455806,-1.4694099,-0.025865818,-0.29057536,-0.047141821,0.076869834,,0.235330423,-0.534522484,-0.534522484,0.019818377,-1.618255587,0,-0.131030336,-0.534522484,-0.963407839,-0.340637549,0,-0.338061702,0.840646208,0,0.09,-0.125,0.208333333,-0.33,0
66,1.251342424,1.293722456,1.366060406,0.038646479,1.217489151,0.194466153,,-0.514739179,0.603022689,0.603022689,-0.39803291,1.006063616,-0.39223227,-0.00551064,0.070391206,0.963722488,-0.341252932,0,-0.239045722,-0.581619208,-0.04,0,0.166666667,0,-0.04,-0.25
67,-1.311163307,-1.378518764,-0.282159738,-1.191965232,-0.197526737,0.100370246,,0.272763957,-0.324442842,-0.324442842,-0.161163817,-0.499737202,0.316227766,-0.075428206,,-0.163299316,0.163299316,0,0.534522484,0.078206189,0.11,0.12,0,-0.083333333,0.07,0.083333333
68,-1.286481475,-1.497991028,0.057477488,-0.097274165,-1.116225166,0.496584609,-0.816496581,0.972253815,-1.189623755,-1.18921232,0.740555611,-0.826886413,0.223606798,0.078402102,-0.441409192,-0.651540585,0.110478126,0,-0.534522484,0.771789292,0.14,-0.05,0.041666667,0.041666667,-0.05,-0.083333333
69,0.623026842,1.15447207,-0.073779432,-0.202111977,-0.874083481,0.153903081,,0.24219435,-0.359210604,-0.359210604,-0.014975699,-0.163415385,-0.316227766,-0.116399409,-0.524348247,-0.10329486,-0.604743157,0,-0.534522484,0.376347348,-0.09,0,0,0,0.33,0.583333333
70,1.322155697,0.960060642,1.321539232,0.890505143,1.230276497,-0.011824735,,0.534522484,-0.534522484,-0.534522484,-0.109402336,2.589960994,-0.138675049,0.073958135,0.534522484,0.814335253,0.248949347,0,0.534522484,-0.849915741,0.04,0.15,0.041666667,0.166666667,0.11,0.125
71,1.584925246,1.492507238,2.397832261,-0.123304895,1.521255527,-0.209625475,,-0.941359294,,,-0.076236974,1.734831077,-0.316227766,-0.061824982,0.159599947,0.172947236,0.14446046,0,0,0.065977906,-0.3,-0.01,-0.166666667,-0.083333333,-0.31,-0.416666667
72,0.916769844,0.928251911,2.331472657,0.118465329,3.471519553,-0.341192903,,0.480909589,-1.031421246,-1.031421246,-0.22952349,1.058413797,0.223606798,0.363537924,0.534522484,0.290734794,0.414268911,0,0.534522484,-0.512064421,-0.2,-0.1,-0.333333333,-0.166666667,0.3,0
73,0.146611463,0.75060604,1.851363316,-0.1311214,0.952772626,-0.61047047,0.6172134,-1.796689523,1.316561177,0.999433588,-0.045994049,1.474653602,0.223606798,0.310310719,0.486207516,0.052484942,0.653572049,0,-0.239045722,-0.095220339,0,0,0.208333333,-0.291666667,0,0.166666667
74,1.284586395,1.239000538,0.971555051,-0.54285862,1.193535295,0,,-0.093761446,-0.534522484,-0.534522484,-0.047035947,0.677959263,-0.223606798,-0.207414913,-0.309314677,0.032522776,-0.50655144,0,-0.324442842,0.173157505,-0.1,0.07,0.125,0.083333333,-0.23,0.291666667
75,1.117812862,1.110167037,1.077615628,-0.819450069,0.138385408,0.003510904,-0.534522484,-0.736086384,0.775388286,0.646996639,-0.031868716,1.12638535,-0.316227766,-0.101413277,0.534522484,1.003196161,0.242167685,0,0.534522484,-0.940624176,0.05,0,0.041666667,0.125,-0.45,0
76,0.054069312,1.072175975,1.039635018,1.242268585,0.496371707,-0.082199846,,-0.144280195,0.646996639,0.646996639,-0.169365487,0.948745942,-0.138675049,0.08021773,0.534522484,1.086610736,0.317720588,0,0.239045722,-0.851399236,0.01,0,0,0,0.01,0
77,-1.798422173,-0.852273737,0.017265346,-0.724402776,-0.189951789,0,,0.078206189,,,-0.044367825,-0.825831234,0,-0.247262605,,-0.22427972,0.22427972,0,,0.222096025,-0.01,0.22,0.125,0.25,0.01,-0.041666667
78,-1.991634418,-2.129385319,-0.224317306,0.163758804,-1.202380945,-0.070446995,,0.746215051,-0.816496581,-0.816496581,0.112545015,-1.988605409,0,-0.073028351,-0.534522484,-0.075989071,-0.65500911,0,-0.534522484,0.219935461,0.08,0.64,-0.041666667,0.166666667,0.32,0.208333333
79,1.442754523,1.580375899,0.298393881,0.638013237,1.604479942,-0.112247712,0.816496581,-0.807609423,0.707106781,0.973328527,0.072220759,1.518362952,-0.138675049,0.132026377,,0.646216465,-0.646216465,0,,-0.673273627,0.01,0.09,0,0.083333333,0.08,0.25
80,-0.966816576,-1.336359422,-1.071565377,-0.864193282,-0.721727831,0.04605313,,-0.795557284,0.816496581,0.816496581,-0.038407279,-1.25142759,-0.223606798,-0.29545431,-0.534522484,-0.290734794,-0.387878973,0,-0.534522484,0.506418005,0.09,0,0.041666667,-0.083333333,0.09,0.208333333
81,-0.164000979,0.610381997,0.567195086,0.062069959,0.901562968,-0.232530135,0.458831468,-0.524694382,0.528516423,0.694808334,-0.032033443,0.835354557,-0.316227766,-0.323686334,0.795557284,0.578052325,0.396634182,0,0.324442842,-0.742839508,0.08,0.21,0.166666667,0.166666667,0.69,1.166666667
82,-1.030108466,-1.168852099,-0.22939566,-1.046936142,0.397924437,0.062713272,,0.410151556,-0.324442842,-0.324442842,0.229044641,-0.519515698,0,-0.129519434,-0.534522484,-0.795557284,-0.450829395,0,-0.534522484,0.659062163,0,0.1,0,-0.083333333,0.28,0.416666667
83,-1.004128202,-0.679072835,0.983497844,0.337282919,0.135794481,-0.567405567,,-0.464696148,0.646996639,0.646996639,-0.181429521,1.069620381,0,-0.024078303,0.534522484,0.960030721,0.384063852,0,0.388922234,-0.866514657,0.03,0.06,0.166666667,0.25,0.09,0.083333333
84,-0.583262719,-0.218077587,-0.789051574,-0.017167455,-0.807325631,0.036752651,,0.534522484,,,-0.33052943,-1.154985162,0,-0.213942267,,-0.486216638,0.486216638,0,,0.503508815,-0.02,0.03,0,0.041666667,0.05,0.125
85,0.502154223,-0.011687659,1.46438716,-0.043792599,2.778015994,-0.349763989,,-0.592928266,1.031421246,1.031421246,-0.239188159,0.819459649,0,0.37262846,-0.261920684,-0.052069681,-0.326698799,0,0.324442842,-0.176837016,-0.02,0.4,-0.041666667,0.291666667,0.34,0.25
86,-0.731239669,-1.944243894,-0.56273148,1.006814447,-0.708020184,-0.099170046,0.534522484,-0.975856152,1.095445115,1.414213562,-0.194053094,0.815067904,0,-0.067109636,-0.534522484,-0.153714363,-0.67226314,0,-0.534522484,0.193210877,0,0.39,0.208333333,0.208333333,0.39,0.166666667
87,1.186316553,1.892179984,1.085524124,-0.622793323,2.445397612,-0.017316952,0.324442842,-0.173800541,0.534522484,0.552344771,0.181090959,1.69493098,0.223606798,0.445323529,,0.267329615,-0.267329615,0,,-0.195503455,0.1,0.2,0.166666667,0.25,0.3,0
88,-0.108343762,-0.910235372,-1.008654569,0.741892323,-0.705848625,0.155490631,-0.534522484,0.957904229,-0.863868426,-0.816496581,-0.000669756,-0.285631003,0.223606798,-0.096189628,,0,0,0,,0,0.03,0.08,0.125,0.125,-0.11,-0.083333333
89,1.459516778,0.998337677,1.08355674,0.363622055,1.28410135,0.006181421,-0.534522484,-0.136398868,0,-0.215665546,-0.088388348,0.746143289,0,0.155008405,0.376355257,0.6069225,-0.04043937,0,0.324442842,-0.171801079,-0.06,0.41,0,0.25,0.05,-0.083333333
90,-0.441351464,-1.580084613,0.325168231,-1.070119835,0.242018578,-0.139204993,,0.666211496,-0.67936622,-0.67936622,-0.186226838,-0.376190253,0.223606798,0.315215126,,-0.801783726,0.801783726,0,,0.805609473,0.06,-0.07,0.041666667,-0.416666667,0.63,0.375
91,2.450779038,2.466834844,2.38868223,-0.405668159,1.844157124,-0.020246483,,0.786517503,-0.707106781,-0.707106781,0.061913021,1.554160611,0,0.316072316,0.309217198,-0.187448751,0.456499796,0,0.534522484,-0.090714065,-0.2,0.22,-0.25,0.166666667,0.28,0.083333333
92,0.084025999,0.715153909,0.814951557,0.849667204,0.704252798,-0.196830423,,0.196856843,0.239045722,0.239045722,0.022633484,0.69748488,-0.223606798,-0.148877757,,-0.820461555,0.820461555,0,,0.794736487,-0.05,0.02,0,0.125,-0.03,-0.125
93,1.191491466,1.963641324,0.869442137,0.50831845,0.807353583,-0.19996062,0.755928946,-0.538333744,0,0.594088526,-0.353640317,1.105954123,0,0.070778827,0.534522484,0.487347604,0.239608664,0,0,-0.647769234,0.07,-0.01,0.166666667,0.041666667,-0.02,-0.041666667
94,1.073266667,1.459407586,1.033126036,0.574295063,1.016428417,-0.205296893,,-0.817125135,0.730296743,0.730296743,-0.102793659,2.257106849,0.138675049,0.404242454,0.672992713,0.834572263,0.516280745,0,0.534522484,-0.823712243,0.02,0.03,0.083333333,0.083333333,-0.01,-0.083333333
95,1.547593397,1.160677487,2.026410748,0.217002372,2.219085218,0.340655638,-0.534522484,-0.185232928,0.359210604,0.159111457,-0.568702621,1.177739213,0.138675049,0.325718332,0.642187782,-0.11825421,0.78490339,0,0.534522484,-0.197735337,-0.59,0,0.041666667,0,-0.99,0.125
96,-1.284550142,-1.259400391,-0.507054903,0.462867047,-0.98970773,0,,-0.534522484,,,0.099070278,-1.145075822,0,-0.08049316,,-0.534522484,0.534522484,0,,0.534522484,0.01,0.03,0,0.125,0.06,0.125
97,1.35439142,1.423433573,1.623191363,-0.279483402,1.576390633,0.141125131,-0.534522484,0.226087635,-0.534522484,-0.816496581,0.175195407,1.81150739,-0.078086881,0.075920345,0.534522484,-0.399648502,0.740436942,0,0.534522484,-0.133628069,0.13,0.15,-0.208333333,0.166666667,0.02,-0.208333333
98,0.374010495,0.855559252,0.686028255,0.54045139,0.97720799,0.124871796,0.534522484,-0.704859568,0.402015126,0.42953678,-0.833222109,-2.341078672,-0.316227766,-0.364258446,-0.276747108,0.131268093,-0.370498307,0,0.338061702,-0.13447949,0.11,0.3,0.041666667,0.166666667,-0.09,-0.041666667
99,1.21461853,1.857373948,0.73411456,0.295305381,1.448782755,-0.068893931,,-0.485938658,0.461265604,0.461265604,0.388573871,0.577059625,-0.262612866,0.265314781,0,0.414800502,-0.119740921,0,0,-0.176436254,0,0.05,-0.083333333,0.5,0.05,0.166666667
